stand_anim|attack_anim|note
0|1|curated:b237:unambiguous-symbol-family
17|18|curated:b237:unambiguous-symbol-family
27|25|curated:b237:unambiguous-symbol-family
35|30|curated:b237:unambiguous-symbol-family
51|49|curated:b237:unambiguous-symbol-family
66|64|curated:b237:unambiguous-symbol-family
90|80|curated:b237:unambiguous-symbol-family
96|94|curated:b237:unambiguous-symbol-family
101|99|curated:b237:unambiguous-symbol-family
112|110|curated:b237:unambiguous-symbol-family
130|128|curated:b237:unambiguous-symbol-family
145|143|curated:b237:unambiguous-symbol-family
155|153|curated:b237:unambiguous-symbol-family
166|163|curated:b237:unambiguous-symbol-family
171|169|curated:b237:unambiguous-symbol-family
187|185|curated:b237:unambiguous-symbol-family
222|220|curated:b237:unambiguous-symbol-family
226|227|curated:b237:unambiguous-symbol-family
242|240|curated:b237:unambiguous-symbol-family
252|250|curated:b237:unambiguous-symbol-family
257|255|curated:b237:unambiguous-symbol-family
262|260|curated:b237:unambiguous-symbol-family
277|275|curated:b237:unambiguous-symbol-family
286|284|curated:b237:unambiguous-symbol-family
291|289|curated:b237:unambiguous-symbol-family
296|294|curated:b237:unambiguous-symbol-family
301|299|curated:b237:unambiguous-symbol-family
306|304|curated:b237:unambiguous-symbol-family
317|315|curated:b237:unambiguous-symbol-family
337|338|curated:b237:unambiguous-symbol-family
346|347|curated:b237:unambiguous-symbol-family
357|359|curated:b237:unambiguous-symbol-family
808|422|curated:b237:modern-human-default
1008|1010|curated:b237:unambiguous-symbol-family
1027|1029|curated:b237:unambiguous-symbol-family
1039|1040|curated:b237:unambiguous-symbol-family
1045|1044|curated:b237:unambiguous-symbol-family
1086|1087|curated:b237:unambiguous-symbol-family
1092|1093|curated:b237:unambiguous-symbol-family
1159|284|curated:b237:unambiguous-symbol-family
1198|1199|curated:b237:unambiguous-symbol-family
1242|1245|curated:b237:unambiguous-symbol-family
1270|1273|curated:b237:unambiguous-symbol-family
1276|1277|curated:b237:unambiguous-symbol-family
1282|1283|curated:b237:unambiguous-symbol-family
1310|1312|curated:b237:unambiguous-symbol-family
1315|1312|curated:b237:unambiguous-symbol-family
1338|1341|curated:b237:unambiguous-symbol-family
1386|1383|curated:b237:unambiguous-symbol-family
1401|1402|curated:b237:unambiguous-symbol-family
1412|1413|curated:b237:unambiguous-symbol-family
1445|185|curated:b237:unambiguous-symbol-family
1474|284|curated:b237:unambiguous-symbol-family
1476|284|curated:b237:unambiguous-symbol-family
1480|284|curated:b237:unambiguous-symbol-family
1506|1507|curated:b237:unambiguous-symbol-family
1511|1512|curated:b237:unambiguous-symbol-family
1516|1517|curated:b237:unambiguous-symbol-family
1522|1523|curated:b237:unambiguous-symbol-family
1527|1528|curated:b237:unambiguous-symbol-family
1536|1537|curated:b237:unambiguous-symbol-family
1539|1540|curated:b237:unambiguous-symbol-family
1545|1546|curated:b237:unambiguous-symbol-family
1551|1552|curated:b237:unambiguous-symbol-family
1556|1557|curated:b237:unambiguous-symbol-family
1561|1562|curated:b237:unambiguous-symbol-family
1566|1567|curated:b237:unambiguous-symbol-family
1578|1582|curated:b237:unambiguous-symbol-family
1583|1586|curated:b237:unambiguous-symbol-family
1588|1592|curated:b237:unambiguous-symbol-family
1594|1595|curated:b237:unambiguous-symbol-family
1609|1612|curated:b237:unambiguous-symbol-family
1614|1616|curated:b237:unambiguous-symbol-family
1625|1626|curated:b237:unambiguous-symbol-family
1662|1665|curated:b237:unambiguous-symbol-family
1721|1741|curated:b237:unambiguous-symbol-family
1749|1750|curated:b237:unambiguous-symbol-family
1756|1760|curated:b237:unambiguous-symbol-family
1790|1789|curated:b237:unambiguous-symbol-family
1796|1793|curated:b237:unambiguous-symbol-family
1829|3847|curated:b237:unambiguous-symbol-family
1838|1840|curated:b237:unambiguous-symbol-family
1913|2917|curated:b237:unambiguous-symbol-family
1947|1948|curated:b237:unambiguous-symbol-family
2012|2015|curated:b237:unambiguous-symbol-family
2017|2019|curated:b237:unambiguous-symbol-family
2024|2025|curated:b237:unambiguous-symbol-family
2028|2029|curated:b237:unambiguous-symbol-family
2037|2039|curated:b237:unambiguous-symbol-family
2071|2070|curated:b237:unambiguous-symbol-family
2099|359|curated:b237:unambiguous-symbol-family
2151|99|curated:b237:unambiguous-symbol-family
2152|99|curated:b237:unambiguous-symbol-family
2159|315|curated:b237:unambiguous-symbol-family
2170|2167|curated:b237:unambiguous-symbol-family
2180|2181|curated:b237:unambiguous-symbol-family
2185|2187|curated:b237:unambiguous-symbol-family
2191|2192|curated:b237:unambiguous-symbol-family
2298|2299|curated:b237:unambiguous-symbol-family
2331|3968|curated:b237:unambiguous-symbol-family
2337|99|curated:b237:unambiguous-symbol-family
2364|2365|curated:b237:unambiguous-symbol-family
2370|2371|curated:b237:unambiguous-symbol-family
2395|2397|curated:b237:unambiguous-symbol-family
2604|2612|curated:b237:unambiguous-symbol-family
2618|2621|curated:b237:unambiguous-symbol-family
2624|2625|curated:b237:unambiguous-symbol-family
2636|2637|curated:b237:unambiguous-symbol-family
2642|2644|curated:b237:unambiguous-symbol-family
2650|2655|curated:b237:unambiguous-symbol-family
2704|2705|curated:b237:unambiguous-symbol-family
2730|2731|curated:b237:unambiguous-symbol-family
2740|2738|curated:b237:unambiguous-symbol-family
2774|2776|curated:b237:unambiguous-symbol-family
2803|2804|curated:b237:unambiguous-symbol-family
2858|2859|curated:b237:unambiguous-symbol-family
2867|2868|curated:b237:unambiguous-symbol-family
2931|2930|curated:b237:unambiguous-symbol-family
2958|163|curated:b237:unambiguous-symbol-family
3043|3045|curated:b237:unambiguous-symbol-family
3073|3075|curated:b237:unambiguous-symbol-family
3079|8840|curated:b237:unambiguous-symbol-family
3144|3146|curated:b237:unambiguous-symbol-family
3160|3163|curated:b237:unambiguous-symbol-family
3211|7311|curated:b237:unambiguous-symbol-family
3212|7311|curated:b237:unambiguous-symbol-family
3259|3262|curated:b237:unambiguous-symbol-family
3309|3312|curated:b237:unambiguous-symbol-family
3324|3326|curated:b237:unambiguous-symbol-family
3424|3428|curated:b237:unambiguous-symbol-family
3431|3433|curated:b237:unambiguous-symbol-family
3498|3501|curated:b237:unambiguous-symbol-family
3535|3538|curated:b237:unambiguous-symbol-family
3617|3618|curated:b237:unambiguous-symbol-family
3707|3709|curated:b237:unambiguous-symbol-family
3722|3723|curated:b237:unambiguous-symbol-family
3730|3731|curated:b237:unambiguous-symbol-family
3810|3812|curated:b237:unambiguous-symbol-family
3815|3816|curated:b237:unambiguous-symbol-family
3822|3823|curated:b237:unambiguous-symbol-family
3828|3829|curated:b237:unambiguous-symbol-family
3878|3882|curated:b237:unambiguous-symbol-family
3886|3891|curated:b237:unambiguous-symbol-family
3893|3897|curated:b237:unambiguous-symbol-family
3899|3901|curated:b237:unambiguous-symbol-family
3906|3908|curated:b237:unambiguous-symbol-family
3913|3915|curated:b237:unambiguous-symbol-family
3918|3920|curated:b237:unambiguous-symbol-family
3952|3960|curated:b237:unambiguous-symbol-family
3965|3966|curated:b237:unambiguous-symbol-family
3978|3980|curated:b237:unambiguous-symbol-family
3987|3985|curated:b237:unambiguous-symbol-family
3989|3991|curated:b237:unambiguous-symbol-family
4021|99|curated:b237:unambiguous-symbol-family
4037|4040|curated:b237:unambiguous-symbol-family
4231|4234|curated:b237:unambiguous-symbol-family
4264|4266|curated:b237:unambiguous-symbol-family
4269|4271|curated:b237:unambiguous-symbol-family
4299|4300|curated:b237:unambiguous-symbol-family
4303|4307|curated:b237:unambiguous-symbol-family
4386|4387|curated:b237:unambiguous-symbol-family
4472|4474|curated:b237:unambiguous-symbol-family
4524|4522|curated:b237:unambiguous-symbol-family
4619|64|curated:b237:unambiguous-symbol-family
4650|4652|curated:b237:unambiguous-symbol-family
4656|4658|curated:b237:unambiguous-symbol-family
4662|4666|curated:b237:unambiguous-symbol-family
4663|4667|curated:b237:unambiguous-symbol-family
4670|4672|curated:b237:unambiguous-symbol-family
4675|4678|curated:b237:unambiguous-symbol-family
4702|4701|curated:b237:unambiguous-symbol-family
4703|4701|curated:b237:unambiguous-symbol-family
4711|4701|curated:b237:unambiguous-symbol-family
4777|4776|curated:b237:unambiguous-symbol-family
4828|4829|curated:b237:unambiguous-symbol-family
4866|4868|curated:b237:unambiguous-symbol-family
4914|4915|curated:b237:unambiguous-symbol-family
4919|4925|curated:b237:unambiguous-symbol-family
4920|4926|curated:b237:unambiguous-symbol-family
4932|4933|curated:b237:unambiguous-symbol-family
4986|4987|curated:b237:unambiguous-symbol-family
5029|5031|curated:b237:unambiguous-symbol-family
5090|5092|curated:b237:unambiguous-symbol-family
5094|5097|curated:b237:unambiguous-symbol-family
5160|5162|curated:b237:unambiguous-symbol-family
5188|5189|curated:b237:unambiguous-symbol-family
5280|5281|curated:b237:unambiguous-symbol-family
5302|5304|curated:b237:unambiguous-symbol-family
5318|5319|curated:b237:unambiguous-symbol-family
5326|5327|curated:b237:unambiguous-symbol-family
5335|5338|curated:b237:unambiguous-symbol-family
5339|5341|curated:b237:unambiguous-symbol-family
5386|5387|curated:b237:unambiguous-symbol-family
5393|5396|curated:b237:unambiguous-symbol-family
5410|5411|curated:b237:unambiguous-symbol-family
5424|5075|curated:b237:unambiguous-symbol-family
5455|5457|curated:b237:unambiguous-symbol-family
5493|5499|curated:b237:unambiguous-symbol-family
5495|5499|curated:b237:unambiguous-symbol-family
5505|5507|curated:b237:unambiguous-symbol-family
5510|5512|curated:b237:unambiguous-symbol-family
5517|5519|curated:b237:unambiguous-symbol-family
5530|5532|curated:b237:unambiguous-symbol-family
5538|5540|curated:b237:unambiguous-symbol-family
5548|5549|curated:b237:unambiguous-symbol-family
5551|5554|curated:b237:unambiguous-symbol-family
5565|5568|curated:b237:unambiguous-symbol-family
5572|5571|curated:b237:unambiguous-symbol-family
5576|5578|curated:b237:unambiguous-symbol-family
5589|5591|curated:b237:unambiguous-symbol-family
5594|5597|curated:b237:unambiguous-symbol-family
5616|5617|curated:b237:unambiguous-symbol-family
5641|5643|curated:b237:unambiguous-symbol-family
5646|5647|curated:b237:unambiguous-symbol-family
5650|5651|curated:b237:unambiguous-symbol-family
5656|5657|curated:b237:unambiguous-symbol-family
5668|5669|curated:b237:unambiguous-symbol-family
5720|2267|curated:b237:unambiguous-symbol-family
5722|5724|curated:b237:unambiguous-symbol-family
5785|5782|curated:b237:unambiguous-symbol-family
5839|5842|curated:b237:unambiguous-symbol-family
5852|5849|curated:b237:unambiguous-symbol-family
5879|5880|curated:b237:unambiguous-symbol-family
5883|5884|curated:b237:unambiguous-symbol-family
5888|5889|curated:b237:unambiguous-symbol-family
5973|5970|curated:b237:unambiguous-symbol-family
5986|5989|curated:b237:unambiguous-symbol-family
6010|6012|curated:b237:unambiguous-symbol-family
6040|1785|curated:b237:unambiguous-symbol-family
6078|6079|curated:b237:unambiguous-symbol-family
6089|6090|curated:b237:unambiguous-symbol-family
6127|6117|curated:b237:unambiguous-symbol-family
6153|6154|curated:b237:unambiguous-symbol-family
6181|6184|curated:b237:unambiguous-symbol-family
6186|6188|curated:b237:unambiguous-symbol-family
6205|99|curated:b237:unambiguous-symbol-family
6206|99|curated:b237:unambiguous-symbol-family
6207|99|curated:b237:unambiguous-symbol-family
6208|99|curated:b237:unambiguous-symbol-family
6247|6249|curated:b237:unambiguous-symbol-family
6252|6261|curated:b237:unambiguous-symbol-family
6258|6261|curated:b237:unambiguous-symbol-family
6263|6265|curated:b237:unambiguous-symbol-family
6311|6310|curated:b237:unambiguous-symbol-family
6328|6329|curated:b237:unambiguous-symbol-family
6338|6342|curated:b237:unambiguous-symbol-family
6343|6345|curated:b237:unambiguous-symbol-family
6350|6342|curated:b237:unambiguous-symbol-family
6371|6368|curated:b237:unambiguous-symbol-family
6374|6376|curated:b237:unambiguous-symbol-family
6487|6489|curated:b237:unambiguous-symbol-family
6496|80|curated:b237:unambiguous-symbol-family
6504|6501|curated:b237:unambiguous-symbol-family
6511|6513|curated:b237:unambiguous-symbol-family
6518|6519|curated:b237:unambiguous-symbol-family
6539|6536|curated:b237:unambiguous-symbol-family
6561|6562|curated:b237:unambiguous-symbol-family
6580|6559|curated:b237:unambiguous-symbol-family
6729|6726|curated:b237:unambiguous-symbol-family
6764|6761|curated:b237:unambiguous-symbol-family
6771|6775|curated:b237:unambiguous-symbol-family
6793|6790|curated:b237:unambiguous-symbol-family
6803|6800|curated:b237:unambiguous-symbol-family
6809|6811|curated:b237:unambiguous-symbol-family
6935|6948|curated:b237:unambiguous-symbol-family
6966|6967|curated:b237:unambiguous-symbol-family
7017|7018|curated:b237:unambiguous-symbol-family
7032|7036|curated:b237:unambiguous-symbol-family
7106|7109|curated:b237:unambiguous-symbol-family
7220|7218|curated:b237:unambiguous-symbol-family
7269|6579|curated:b237:unambiguous-symbol-family
7270|6579|curated:b237:unambiguous-symbol-family
7307|7308|curated:b237:unambiguous-symbol-family
7309|7311|curated:b237:unambiguous-symbol-family
7312|7314|curated:b237:unambiguous-symbol-family
7315|7318|curated:b237:unambiguous-symbol-family
7324|3855|curated:b237:unambiguous-symbol-family
7396|7398|curated:b237:unambiguous-symbol-family
7416|7410|curated:b237:unambiguous-symbol-family
7545|7547|curated:b237:unambiguous-symbol-family
7564|7566|curated:b237:unambiguous-symbol-family
7573|7574|curated:b237:unambiguous-symbol-family
7577|7578|curated:b237:unambiguous-symbol-family
7595|7597|curated:b237:unambiguous-symbol-family
7677|7678|curated:b237:unambiguous-symbol-family
7682|7685|curated:b237:unambiguous-symbol-family
7694|7696|curated:b237:unambiguous-symbol-family
7807|7808|curated:b237:unambiguous-symbol-family
7810|7811|curated:b237:unambiguous-symbol-family
7861|7863|curated:b237:unambiguous-symbol-family
7888|7890|curated:b237:unambiguous-symbol-family
7922|7923|curated:b237:unambiguous-symbol-family
7975|7978|curated:b237:unambiguous-symbol-family
7988|7989|curated:b237:unambiguous-symbol-family
7993|7999|curated:b237:unambiguous-symbol-family
8002|8004|curated:b237:unambiguous-symbol-family
8009|8010|curated:b237:unambiguous-symbol-family
8022|8025|curated:b237:unambiguous-symbol-family
8274|8275|curated:b237:unambiguous-symbol-family
8282|8283|curated:b237:unambiguous-symbol-family
8307|8308|curated:b237:unambiguous-symbol-family
8340|8425|curated:b237:unambiguous-symbol-family
8497|8499|curated:b237:unambiguous-symbol-family
8509|8510|curated:b237:unambiguous-symbol-family
8842|8844|curated:b237:unambiguous-symbol-family
8875|8878|curated:b237:unambiguous-symbol-family
9072|9076|curated:b237:unambiguous-symbol-family
9073|9077|curated:b237:unambiguous-symbol-family
9091|9092|curated:b237:unambiguous-symbol-family
9095|9097|curated:b237:unambiguous-symbol-family
9137|9140|curated:b237:unambiguous-symbol-family
9161|9205|curated:b237:unambiguous-symbol-family
9177|9180|curated:b237:unambiguous-symbol-family
9195|9194|curated:b237:unambiguous-symbol-family
9379|7308|curated:b237:unambiguous-symbol-family
9586|9587|curated:b237:unambiguous-symbol-family
9592|9594|curated:b237:unambiguous-symbol-family
9594|9594|curated:b237:unambiguous-symbol-family
9836|4776|curated:b237:unambiguous-symbol-family
10435|10438|curated:b237:unambiguous-symbol-family
10450|10453|curated:b237:unambiguous-symbol-family
10555|10556|curated:b237:unambiguous-symbol-family
10674|10668|curated:b237:unambiguous-symbol-family
10778|10776|curated:b237:unambiguous-symbol-family
10995|10987|curated:b237:unambiguous-symbol-family
10999|10987|curated:b237:unambiguous-symbol-family
11016|11022|curated:b237:unambiguous-symbol-family
11044|11045|curated:b237:unambiguous-symbol-family
11047|11049|curated:b237:unambiguous-symbol-family
11391|11392|curated:b237:unambiguous-symbol-family
11528|11530|curated:b237:unambiguous-symbol-family
11581|11584|curated:b237:unambiguous-symbol-family
11662|11664|curated:b237:unambiguous-symbol-family
11780|11781|curated:b237:unambiguous-symbol-family
12480|12483|curated:b237:unambiguous-symbol-family
12490|9097|curated:b237:unambiguous-symbol-family
12530|12532|curated:b237:unambiguous-symbol-family
12536|12532|curated:b237:unambiguous-symbol-family
12978|12980|curated:b237:unambiguous-symbol-family
13634|13637|curated:b237:unambiguous-symbol-family
13641|13644|curated:b237:unambiguous-symbol-family
13781|13783|curated:b237:unambiguous-symbol-family
13839|13848|curated:b237:unambiguous-symbol-family
13840|13850|curated:b237:unambiguous-symbol-family
13841|13851|curated:b237:unambiguous-symbol-family
